Currancy,Date,Rate
CAD,"December 31, 1990",0.857188
CAD,"December 31, 1991",0.872637
CAD,"December 31, 1992",0.828136
CAD,"December 31, 1993",0.775451
CAD,"December 31, 1994",0.732021
CAD,"December 31, 1995",0.728802
CAD,"December 31, 1996",0.733274
CAD,"December 31, 1997",0.722222
CAD,"December 31, 1998",0.674779
CAD,"December 31, 1999",0.673156
CAD,"December 31, 2000",0.673519
CAD,"December 31, 2001",0.646223
CAD,"December 31, 2002",0.636723
CAD,"December 31, 2003",0.718459
CAD,"December 31, 2004",0.770234
CAD,"December 31, 2005",0.826569
CAD,"December 31, 2006",0.881772
CAD,"December 31, 2007",0.935147
CAD,"December 31, 2008",0.944173
CAD,"December 31, 2009",0.880059
CAD,"December 31, 2010",0.970701
CAD,"December 31, 2011",1.011464
CAD,"December 31, 2012",1.00023
CAD,"December 31, 2013",0.971164
CAD,"December 31, 2014",0.905912
CAD,"December 31, 2015",0.782992
CAD,"December 31, 2016",0.755107
CAD,"December 31, 2017",0.771282
CAD,"December 31, 2018",0.771588
CAD,"December 31, 2019",0.753598
CAD,"December 31, 2020",0.74652
CAD,"December 31, 2021",0.797833
CAD,"June 6, 2022",0.787812
AED,"December 31, 1990",0.857188
AED,"December 31, 1991",0.872637
AED,"December 31, 1992",0.828136
AED,"December 31, 1993",0.775451
AED,"December 31, 1994",0.732021
AED,"December 31, 1995",0.728802
AED,"December 31, 1996",0.733274
AED,"December 31, 1997",0.722222
AED,"December 31, 1998",0.674779
AED,"December 31, 1999",0.673156
AED,"December 31, 2000",0.673519
AED,"December 31, 2001",0.646223
AED,"December 31, 2002",0.636723
AED,"December 31, 2003",0.718459
AED,"December 31, 2004",0.770234
AED,"December 31, 2005",0.826569
AED,"December 31, 2006",0.881772
AED,"December 31, 2007",0.935147
AED,"December 31, 2008",0.944173
AED,"December 31, 2009",0.880059
AED,"December 31, 2010",0.970701
AED,"December 31, 2011",1.011464
AED,"December 31, 2012",1.00023
AED,"December 31, 2013",0.971164
AED,"December 31, 2014",0.905912
AED,"December 31, 2015",0.782992
AED,"December 31, 2016",0.755107
AED,"December 31, 2017",0.771282
AED,"December 31, 2018",0.771588
AED,"December 31, 2019",0.753598
AED,"December 31, 2020",0.74652
AED,"December 31, 2021",0.797833
AED,"June 6, 2022",0.787812
AUD,"December 31, 1990",0.857188
AUD,"December 31, 1991",0.872637
AUD,"December 31, 1992",0.828136
AUD,"December 31, 1993",0.775451
AUD,"December 31, 1994",0.732021
AUD,"December 31, 1995",0.728802
AUD,"December 31, 1996",0.733274
AUD,"December 31, 1997",0.722222
AUD,"December 31, 1998",0.674779
AUD,"December 31, 1999",0.673156
AUD,"December 31, 2000",0.673519
AUD,"December 31, 2001",0.646223
AUD,"December 31, 2002",0.636723
AUD,"December 31, 2003",0.718459
AUD,"December 31, 2004",0.770234
AUD,"December 31, 2005",0.826569
AUD,"December 31, 2006",0.881772
AUD,"December 31, 2007",0.935147
AUD,"December 31, 2008",0.944173
AUD,"December 31, 2009",0.880059
AUD,"December 31, 2010",0.970701
AUD,"December 31, 2011",1.011464
AUD,"December 31, 2012",1.00023
AUD,"December 31, 2013",0.971164
AUD,"December 31, 2014",0.905912
AUD,"December 31, 2015",0.782992
AUD,"December 31, 2016",0.755107
AUD,"December 31, 2017",0.771282
AUD,"December 31, 2018",0.771588
AUD,"December 31, 2019",0.753598
AUD,"December 31, 2020",0.74652
AUD,"December 31, 2021",0.797833
AUD,"June 6, 2022",0.787812
AZN,"December 31, 1990",0.857188
AZN,"December 31, 1991",0.872637
AZN,"December 31, 1992",0.828136
AZN,"December 31, 1993",0.775451
AZN,"December 31, 1994",0.732021
AZN,"December 31, 1995",0.728802
AZN,"December 31, 1996",0.733274
AZN,"December 31, 1997",0.722222
AZN,"December 31, 1998",0.674779
AZN,"December 31, 1999",0.673156
AZN,"December 31, 2000",0.673519
AZN,"December 31, 2001",0.646223
AZN,"December 31, 2002",0.636723
AZN,"December 31, 2003",0.718459
AZN,"December 31, 2004",0.770234
AZN,"December 31, 2005",0.826569
AZN,"December 31, 2006",0.881772
AZN,"December 31, 2007",0.935147
AZN,"December 31, 2008",0.944173
AZN,"December 31, 2009",0.880059
AZN,"December 31, 2010",0.970701
AZN,"December 31, 2011",1.011464
AZN,"December 31, 2012",1.00023
AZN,"December 31, 2013",0.971164
AZN,"December 31, 2014",0.905912
AZN,"December 31, 2015",0.782992
AZN,"December 31, 2016",0.755107
AZN,"December 31, 2017",0.771282
AZN,"December 31, 2018",0.771588
AZN,"December 31, 2019",0.753598
AZN,"December 31, 2020",0.74652
AZN,"December 31, 2021",0.797833
AZN,"June 6, 2022",0.787812
BGN,"December 31, 1990",0.857188
BGN,"December 31, 1991",0.872637
BGN,"December 31, 1992",0.828136
BGN,"December 31, 1993",0.775451
BGN,"December 31, 1994",0.732021
BGN,"December 31, 1995",0.728802
BGN,"December 31, 1996",0.733274
BGN,"December 31, 1997",0.722222
BGN,"December 31, 1998",0.674779
BGN,"December 31, 1999",0.673156
BGN,"December 31, 2000",0.673519
BGN,"December 31, 2001",0.646223
BGN,"December 31, 2002",0.636723
BGN,"December 31, 2003",0.718459
BGN,"December 31, 2004",0.770234
BGN,"December 31, 2005",0.826569
BGN,"December 31, 2006",0.881772
BGN,"December 31, 2007",0.935147
BGN,"December 31, 2008",0.944173
BGN,"December 31, 2009",0.880059
BGN,"December 31, 2010",0.970701
BGN,"December 31, 2011",1.011464
BGN,"December 31, 2012",1.00023
BGN,"December 31, 2013",0.971164
BGN,"December 31, 2014",0.905912
BGN,"December 31, 2015",0.782992
BGN,"December 31, 2016",0.755107
BGN,"December 31, 2017",0.771282
BGN,"December 31, 2018",0.771588
BGN,"December 31, 2019",0.753598
BGN,"December 31, 2020",0.74652
BGN,"December 31, 2021",0.797833
BGN,"June 6, 2022",0.787812
BHD,"December 31, 1990",0.857188
BHD,"December 31, 1991",0.872637
BHD,"December 31, 1992",0.828136
BHD,"December 31, 1993",0.775451
BHD,"December 31, 1994",0.732021
BHD,"December 31, 1995",0.728802
BHD,"December 31, 1996",0.733274
BHD,"December 31, 1997",0.722222
BHD,"December 31, 1998",0.674779
BHD,"December 31, 1999",0.673156
BHD,"December 31, 2000",0.673519
BHD,"December 31, 2001",0.646223
BHD,"December 31, 2002",0.636723
BHD,"December 31, 2003",0.718459
BHD,"December 31, 2004",0.770234
BHD,"December 31, 2005",0.826569
BHD,"December 31, 2006",0.881772
BHD,"December 31, 2007",0.935147
BHD,"December 31, 2008",0.944173
BHD,"December 31, 2009",0.880059
BHD,"December 31, 2010",0.970701
BHD,"December 31, 2011",1.011464
BHD,"December 31, 2012",1.00023
BHD,"December 31, 2013",0.971164
BHD,"December 31, 2014",0.905912
BHD,"December 31, 2015",0.782992
BHD,"December 31, 2016",0.755107
BHD,"December 31, 2017",0.771282
BHD,"December 31, 2018",0.771588
BHD,"December 31, 2019",0.753598
BHD,"December 31, 2020",0.74652
BHD,"December 31, 2021",0.797833
BHD,"June 6, 2022",0.787812
BND,"December 31, 1990",0.857188
BND,"December 31, 1991",0.872637
BND,"December 31, 1992",0.828136
BND,"December 31, 1993",0.775451
BND,"December 31, 1994",0.732021
BND,"December 31, 1995",0.728802
BND,"December 31, 1996",0.733274
BND,"December 31, 1997",0.722222
BND,"December 31, 1998",0.674779
BND,"December 31, 1999",0.673156
BND,"December 31, 2000",0.673519
BND,"December 31, 2001",0.646223
BND,"December 31, 2002",0.636723
BND,"December 31, 2003",0.718459
BND,"December 31, 2004",0.770234
BND,"December 31, 2005",0.826569
BND,"December 31, 2006",0.881772
BND,"December 31, 2007",0.935147
BND,"December 31, 2008",0.944173
BND,"December 31, 2009",0.880059
BND,"December 31, 2010",0.970701
BND,"December 31, 2011",1.011464
BND,"December 31, 2012",1.00023
BND,"December 31, 2013",0.971164
BND,"December 31, 2014",0.905912
BND,"December 31, 2015",0.782992
BND,"December 31, 2016",0.755107
BND,"December 31, 2017",0.771282
BND,"December 31, 2018",0.771588
BND,"December 31, 2019",0.753598
BND,"December 31, 2020",0.74652
BND,"December 31, 2021",0.797833
BND,"June 6, 2022",0.787812
BRL,"December 31, 1990",0.857188
BRL,"December 31, 1991",0.872637
BRL,"December 31, 1992",0.828136
BRL,"December 31, 1993",0.775451
BRL,"December 31, 1994",0.732021
BRL,"December 31, 1995",0.728802
BRL,"December 31, 1996",0.733274
BRL,"December 31, 1997",0.722222
BRL,"December 31, 1998",0.674779
BRL,"December 31, 1999",0.673156
BRL,"December 31, 2000",0.673519
BRL,"December 31, 2001",0.646223
BRL,"December 31, 2002",0.636723
BRL,"December 31, 2003",0.718459
BRL,"December 31, 2004",0.770234
BRL,"December 31, 2005",0.826569
BRL,"December 31, 2006",0.881772
BRL,"December 31, 2007",0.935147
BRL,"December 31, 2008",0.944173
BRL,"December 31, 2009",0.880059
BRL,"December 31, 2010",0.970701
BRL,"December 31, 2011",1.011464
BRL,"December 31, 2012",1.00023
BRL,"December 31, 2013",0.971164
BRL,"December 31, 2014",0.905912
BRL,"December 31, 2015",0.782992
BRL,"December 31, 2016",0.755107
BRL,"December 31, 2017",0.771282
BRL,"December 31, 2018",0.771588
BRL,"December 31, 2019",0.753598
BRL,"December 31, 2020",0.74652
BRL,"December 31, 2021",0.797833
BRL,"June 6, 2022",0.787812
CAD,"December 31, 1990",0.857188
CAD,"December 31, 1991",0.872637
CAD,"December 31, 1992",0.828136
CAD,"December 31, 1993",0.775451
CAD,"December 31, 1994",0.732021
CAD,"December 31, 1995",0.728802
CAD,"December 31, 1996",0.733274
CAD,"December 31, 1997",0.722222
CAD,"December 31, 1998",0.674779
CAD,"December 31, 1999",0.673156
CAD,"December 31, 2000",0.673519
CAD,"December 31, 2001",0.646223
CAD,"December 31, 2002",0.636723
CAD,"December 31, 2003",0.718459
CAD,"December 31, 2004",0.770234
CAD,"December 31, 2005",0.826569
CAD,"December 31, 2006",0.881772
CAD,"December 31, 2007",0.935147
CAD,"December 31, 2008",0.944173
CAD,"December 31, 2009",0.880059
CAD,"December 31, 2010",0.970701
CAD,"December 31, 2011",1.011464
CAD,"December 31, 2012",1.00023
CAD,"December 31, 2013",0.971164
CAD,"December 31, 2014",0.905912
CAD,"December 31, 2015",0.782992
CAD,"December 31, 2016",0.755107
CAD,"December 31, 2017",0.771282
CAD,"December 31, 2018",0.771588
CAD,"December 31, 2019",0.753598
CAD,"December 31, 2020",0.74652
CAD,"December 31, 2021",0.797833
CAD,"June 6, 2022",0.787812
CHF,"December 31, 1990",0.857188
CHF,"December 31, 1991",0.872637
CHF,"December 31, 1992",0.828136
CHF,"December 31, 1993",0.775451
CHF,"December 31, 1994",0.732021
CHF,"December 31, 1995",0.728802
CHF,"December 31, 1996",0.733274
CHF,"December 31, 1997",0.722222
CHF,"December 31, 1998",0.674779
CHF,"December 31, 1999",0.673156
CHF,"December 31, 2000",0.673519
CHF,"December 31, 2001",0.646223
CHF,"December 31, 2002",0.636723
CHF,"December 31, 2003",0.718459
CHF,"December 31, 2004",0.770234
CHF,"December 31, 2005",0.826569
CHF,"December 31, 2006",0.881772
CHF,"December 31, 2007",0.935147
CHF,"December 31, 2008",0.944173
CHF,"December 31, 2009",0.880059
CHF,"December 31, 2010",0.970701
CHF,"December 31, 2011",1.011464
CHF,"December 31, 2012",1.00023
CHF,"December 31, 2013",0.971164
CHF,"December 31, 2014",0.905912
CHF,"December 31, 2015",0.782992
CHF,"December 31, 2016",0.755107
CHF,"December 31, 2017",0.771282
CHF,"December 31, 2018",0.771588
CHF,"December 31, 2019",0.753598
CHF,"December 31, 2020",0.74652
CHF,"December 31, 2021",0.797833
CHF,"June 6, 2022",0.787812
CNH,"December 31, 1990",0.857188
CNH,"December 31, 1991",0.872637
CNH,"December 31, 1992",0.828136
CNH,"December 31, 1993",0.775451
CNH,"December 31, 1994",0.732021
CNH,"December 31, 1995",0.728802
CNH,"December 31, 1996",0.733274
CNH,"December 31, 1997",0.722222
CNH,"December 31, 1998",0.674779
CNH,"December 31, 1999",0.673156
CNH,"December 31, 2000",0.673519
CNH,"December 31, 2001",0.646223
CNH,"December 31, 2002",0.636723
CNH,"December 31, 2003",0.718459
CNH,"December 31, 2004",0.770234
CNH,"December 31, 2005",0.826569
CNH,"December 31, 2006",0.881772
CNH,"December 31, 2007",0.935147
CNH,"December 31, 2008",0.944173
CNH,"December 31, 2009",0.880059
CNH,"December 31, 2010",0.970701
CNH,"December 31, 2011",1.011464
CNH,"December 31, 2012",1.00023
CNH,"December 31, 2013",0.971164
CNH,"December 31, 2014",0.905912
CNH,"December 31, 2015",0.782992
CNH,"December 31, 2016",0.755107
CNH,"December 31, 2017",0.771282
CNH,"December 31, 2018",0.771588
CNH,"December 31, 2019",0.753598
CNH,"December 31, 2020",0.74652
CNH,"December 31, 2021",0.797833
CNH,"June 6, 2022",0.787812
CNY,"December 31, 1990",0.857188
CNY,"December 31, 1991",0.872637
CNY,"December 31, 1992",0.828136
CNY,"December 31, 1993",0.775451
CNY,"December 31, 1994",0.732021
CNY,"December 31, 1995",0.728802
CNY,"December 31, 1996",0.733274
CNY,"December 31, 1997",0.722222
CNY,"December 31, 1998",0.674779
CNY,"December 31, 1999",0.673156
CNY,"December 31, 2000",0.673519
CNY,"December 31, 2001",0.646223
CNY,"December 31, 2002",0.636723
CNY,"December 31, 2003",0.718459
CNY,"December 31, 2004",0.770234
CNY,"December 31, 2005",0.826569
CNY,"December 31, 2006",0.881772
CNY,"December 31, 2007",0.935147
CNY,"December 31, 2008",0.944173
CNY,"December 31, 2009",0.880059
CNY,"December 31, 2010",0.970701
CNY,"December 31, 2011",1.011464
CNY,"December 31, 2012",1.00023
CNY,"December 31, 2013",0.971164
CNY,"December 31, 2014",0.905912
CNY,"December 31, 2015",0.782992
CNY,"December 31, 2016",0.755107
CNY,"December 31, 2017",0.771282
CNY,"December 31, 2018",0.771588
CNY,"December 31, 2019",0.753598
CNY,"December 31, 2020",0.74652
CNY,"December 31, 2021",0.797833
CNY,"June 6, 2022",0.787812
CZK,"December 31, 1990",0.857188
CZK,"December 31, 1991",0.872637
CZK,"December 31, 1992",0.828136
CZK,"December 31, 1993",0.775451
CZK,"December 31, 1994",0.732021
CZK,"December 31, 1995",0.728802
CZK,"December 31, 1996",0.733274
CZK,"December 31, 1997",0.722222
CZK,"December 31, 1998",0.674779
CZK,"December 31, 1999",0.673156
CZK,"December 31, 2000",0.673519
CZK,"December 31, 2001",0.646223
CZK,"December 31, 2002",0.636723
CZK,"December 31, 2003",0.718459
CZK,"December 31, 2004",0.770234
CZK,"December 31, 2005",0.826569
CZK,"December 31, 2006",0.881772
CZK,"December 31, 2007",0.935147
CZK,"December 31, 2008",0.944173
CZK,"December 31, 2009",0.880059
CZK,"December 31, 2010",0.970701
CZK,"December 31, 2011",1.011464
CZK,"December 31, 2012",1.00023
CZK,"December 31, 2013",0.971164
CZK,"December 31, 2014",0.905912
CZK,"December 31, 2015",0.782992
CZK,"December 31, 2016",0.755107
CZK,"December 31, 2017",0.771282
CZK,"December 31, 2018",0.771588
CZK,"December 31, 2019",0.753598
CZK,"December 31, 2020",0.74652
CZK,"December 31, 2021",0.797833
CZK,"June 6, 2022",0.787812
DKK,"December 31, 1990",0.857188
DKK,"December 31, 1991",0.872637
DKK,"December 31, 1992",0.828136
DKK,"December 31, 1993",0.775451
DKK,"December 31, 1994",0.732021
DKK,"December 31, 1995",0.728802
DKK,"December 31, 1996",0.733274
DKK,"December 31, 1997",0.722222
DKK,"December 31, 1998",0.674779
DKK,"December 31, 1999",0.673156
DKK,"December 31, 2000",0.673519
DKK,"December 31, 2001",0.646223
DKK,"December 31, 2002",0.636723
DKK,"December 31, 2003",0.718459
DKK,"December 31, 2004",0.770234
DKK,"December 31, 2005",0.826569
DKK,"December 31, 2006",0.881772
DKK,"December 31, 2007",0.935147
DKK,"December 31, 2008",0.944173
DKK,"December 31, 2009",0.880059
DKK,"December 31, 2010",0.970701
DKK,"December 31, 2011",1.011464
DKK,"December 31, 2012",1.00023
DKK,"December 31, 2013",0.971164
DKK,"December 31, 2014",0.905912
DKK,"December 31, 2015",0.782992
DKK,"December 31, 2016",0.755107
DKK,"December 31, 2017",0.771282
DKK,"December 31, 2018",0.771588
DKK,"December 31, 2019",0.753598
DKK,"December 31, 2020",0.74652
DKK,"December 31, 2021",0.797833
DKK,"June 6, 2022",0.787812
EGP,"December 31, 1990",0.857188
EGP,"December 31, 1991",0.872637
EGP,"December 31, 1992",0.828136
EGP,"December 31, 1993",0.775451
EGP,"December 31, 1994",0.732021
EGP,"December 31, 1995",0.728802
EGP,"December 31, 1996",0.733274
EGP,"December 31, 1997",0.722222
EGP,"December 31, 1998",0.674779
EGP,"December 31, 1999",0.673156
EGP,"December 31, 2000",0.673519
EGP,"December 31, 2001",0.646223
EGP,"December 31, 2002",0.636723
EGP,"December 31, 2003",0.718459
EGP,"December 31, 2004",0.770234
EGP,"December 31, 2005",0.826569
EGP,"December 31, 2006",0.881772
EGP,"December 31, 2007",0.935147
EGP,"December 31, 2008",0.944173
EGP,"December 31, 2009",0.880059
EGP,"December 31, 2010",0.970701
EGP,"December 31, 2011",1.011464
EGP,"December 31, 2012",1.00023
EGP,"December 31, 2013",0.971164
EGP,"December 31, 2014",0.905912
EGP,"December 31, 2015",0.782992
EGP,"December 31, 2016",0.755107
EGP,"December 31, 2017",0.771282
EGP,"December 31, 2018",0.771588
EGP,"December 31, 2019",0.753598
EGP,"December 31, 2020",0.74652
EGP,"December 31, 2021",0.797833
EGP,"June 6, 2022",0.787812
EUR,"December 31, 1990",0.857188
EUR,"December 31, 1991",0.872637
EUR,"December 31, 1992",0.828136
EUR,"December 31, 1993",0.775451
EUR,"December 31, 1994",0.732021
EUR,"December 31, 1995",0.728802
EUR,"December 31, 1996",0.733274
EUR,"December 31, 1997",0.722222
EUR,"December 31, 1998",0.674779
EUR,"December 31, 1999",0.673156
EUR,"December 31, 2000",0.673519
EUR,"December 31, 2001",0.646223
EUR,"December 31, 2002",0.636723
EUR,"December 31, 2003",0.718459
EUR,"December 31, 2004",0.770234
EUR,"December 31, 2005",0.826569
EUR,"December 31, 2006",0.881772
EUR,"December 31, 2007",0.935147
EUR,"December 31, 2008",0.944173
EUR,"December 31, 2009",0.880059
EUR,"December 31, 2010",0.970701
EUR,"December 31, 2011",1.011464
EUR,"December 31, 2012",1.00023
EUR,"December 31, 2013",0.971164
EUR,"December 31, 2014",0.905912
EUR,"December 31, 2015",0.782992
EUR,"December 31, 2016",0.755107
EUR,"December 31, 2017",0.771282
EUR,"December 31, 2018",0.771588
EUR,"December 31, 2019",0.753598
EUR,"December 31, 2020",0.74652
EUR,"December 31, 2021",0.797833
EUR,"June 6, 2022",0.787812
FJD,"December 31, 1990",0.857188
FJD,"December 31, 1991",0.872637
FJD,"December 31, 1992",0.828136
FJD,"December 31, 1993",0.775451
FJD,"December 31, 1994",0.732021
FJD,"December 31, 1995",0.728802
FJD,"December 31, 1996",0.733274
FJD,"December 31, 1997",0.722222
FJD,"December 31, 1998",0.674779
FJD,"December 31, 1999",0.673156
FJD,"December 31, 2000",0.673519
FJD,"December 31, 2001",0.646223
FJD,"December 31, 2002",0.636723
FJD,"December 31, 2003",0.718459
FJD,"December 31, 2004",0.770234
FJD,"December 31, 2005",0.826569
FJD,"December 31, 2006",0.881772
FJD,"December 31, 2007",0.935147
FJD,"December 31, 2008",0.944173
FJD,"December 31, 2009",0.880059
FJD,"December 31, 2010",0.970701
FJD,"December 31, 2011",1.011464
FJD,"December 31, 2012",1.00023
FJD,"December 31, 2013",0.971164
FJD,"December 31, 2014",0.905912
FJD,"December 31, 2015",0.782992
FJD,"December 31, 2016",0.755107
FJD,"December 31, 2017",0.771282
FJD,"December 31, 2018",0.771588
FJD,"December 31, 2019",0.753598
FJD,"December 31, 2020",0.74652
FJD,"December 31, 2021",0.797833
FJD,"June 6, 2022",0.787812
GBP,"December 31, 1990",0.857188
GBP,"December 31, 1991",0.872637
GBP,"December 31, 1992",0.828136
GBP,"December 31, 1993",0.775451
GBP,"December 31, 1994",0.732021
GBP,"December 31, 1995",0.728802
GBP,"December 31, 1996",0.733274
GBP,"December 31, 1997",0.722222
GBP,"December 31, 1998",0.674779
GBP,"December 31, 1999",0.673156
GBP,"December 31, 2000",0.673519
GBP,"December 31, 2001",0.646223
GBP,"December 31, 2002",0.636723
GBP,"December 31, 2003",0.718459
GBP,"December 31, 2004",0.770234
GBP,"December 31, 2005",0.826569
GBP,"December 31, 2006",0.881772
GBP,"December 31, 2007",0.935147
GBP,"December 31, 2008",0.944173
GBP,"December 31, 2009",0.880059
GBP,"December 31, 2010",0.970701
GBP,"December 31, 2011",1.011464
GBP,"December 31, 2012",1.00023
GBP,"December 31, 2013",0.971164
GBP,"December 31, 2014",0.905912
GBP,"December 31, 2015",0.782992
GBP,"December 31, 2016",0.755107
GBP,"December 31, 2017",0.771282
GBP,"December 31, 2018",0.771588
GBP,"December 31, 2019",0.753598
GBP,"December 31, 2020",0.74652
GBP,"December 31, 2021",0.797833
GBP,"June 6, 2022",0.787812
HKD,"December 31, 1990",0.857188
HKD,"December 31, 1991",0.872637
HKD,"December 31, 1992",0.828136
HKD,"December 31, 1993",0.775451
HKD,"December 31, 1994",0.732021
HKD,"December 31, 1995",0.728802
HKD,"December 31, 1996",0.733274
HKD,"December 31, 1997",0.722222
HKD,"December 31, 1998",0.674779
HKD,"December 31, 1999",0.673156
HKD,"December 31, 2000",0.673519
HKD,"December 31, 2001",0.646223
HKD,"December 31, 2002",0.636723
HKD,"December 31, 2003",0.718459
HKD,"December 31, 2004",0.770234
HKD,"December 31, 2005",0.826569
HKD,"December 31, 2006",0.881772
HKD,"December 31, 2007",0.935147
HKD,"December 31, 2008",0.944173
HKD,"December 31, 2009",0.880059
HKD,"December 31, 2010",0.970701
HKD,"December 31, 2011",1.011464
HKD,"December 31, 2012",1.00023
HKD,"December 31, 2013",0.971164
HKD,"December 31, 2014",0.905912
HKD,"December 31, 2015",0.782992
HKD,"December 31, 2016",0.755107
HKD,"December 31, 2017",0.771282
HKD,"December 31, 2018",0.771588
HKD,"December 31, 2019",0.753598
HKD,"December 31, 2020",0.74652
HKD,"December 31, 2021",0.797833
HKD,"June 6, 2022",0.787812
HUF,"December 31, 1990",0.857188
HUF,"December 31, 1991",0.872637
HUF,"December 31, 1992",0.828136
HUF,"December 31, 1993",0.775451
HUF,"December 31, 1994",0.732021
HUF,"December 31, 1995",0.728802
HUF,"December 31, 1996",0.733274
HUF,"December 31, 1997",0.722222
HUF,"December 31, 1998",0.674779
HUF,"December 31, 1999",0.673156
HUF,"December 31, 2000",0.673519
HUF,"December 31, 2001",0.646223
HUF,"December 31, 2002",0.636723
HUF,"December 31, 2003",0.718459
HUF,"December 31, 2004",0.770234
HUF,"December 31, 2005",0.826569
HUF,"December 31, 2006",0.881772
HUF,"December 31, 2007",0.935147
HUF,"December 31, 2008",0.944173
HUF,"December 31, 2009",0.880059
HUF,"December 31, 2010",0.970701
HUF,"December 31, 2011",1.011464
HUF,"December 31, 2012",1.00023
HUF,"December 31, 2013",0.971164
HUF,"December 31, 2014",0.905912
HUF,"December 31, 2015",0.782992
HUF,"December 31, 2016",0.755107
HUF,"December 31, 2017",0.771282
HUF,"December 31, 2018",0.771588
HUF,"December 31, 2019",0.753598
HUF,"December 31, 2020",0.74652
HUF,"December 31, 2021",0.797833
HUF,"June 6, 2022",0.787812
IDR,"December 31, 1990",0.857188
IDR,"December 31, 1991",0.872637
IDR,"December 31, 1992",0.828136
IDR,"December 31, 1993",0.775451
IDR,"December 31, 1994",0.732021
IDR,"December 31, 1995",0.728802
IDR,"December 31, 1996",0.733274
IDR,"December 31, 1997",0.722222
IDR,"December 31, 1998",0.674779
IDR,"December 31, 1999",0.673156
IDR,"December 31, 2000",0.673519
IDR,"December 31, 2001",0.646223
IDR,"December 31, 2002",0.636723
IDR,"December 31, 2003",0.718459
IDR,"December 31, 2004",0.770234
IDR,"December 31, 2005",0.826569
IDR,"December 31, 2006",0.881772
IDR,"December 31, 2007",0.935147
IDR,"December 31, 2008",0.944173
IDR,"December 31, 2009",0.880059
IDR,"December 31, 2010",0.970701
IDR,"December 31, 2011",1.011464
IDR,"December 31, 2012",1.00023
IDR,"December 31, 2013",0.971164
IDR,"December 31, 2014",0.905912
IDR,"December 31, 2015",0.782992
IDR,"December 31, 2016",0.755107
IDR,"December 31, 2017",0.771282
IDR,"December 31, 2018",0.771588
IDR,"December 31, 2019",0.753598
IDR,"December 31, 2020",0.74652
IDR,"December 31, 2021",0.797833
IDR,"June 6, 2022",0.787812
ILS,"December 31, 1990",0.857188
ILS,"December 31, 1991",0.872637
ILS,"December 31, 1992",0.828136
ILS,"December 31, 1993",0.775451
ILS,"December 31, 1994",0.732021
ILS,"December 31, 1995",0.728802
ILS,"December 31, 1996",0.733274
ILS,"December 31, 1997",0.722222
ILS,"December 31, 1998",0.674779
ILS,"December 31, 1999",0.673156
ILS,"December 31, 2000",0.673519
ILS,"December 31, 2001",0.646223
ILS,"December 31, 2002",0.636723
ILS,"December 31, 2003",0.718459
ILS,"December 31, 2004",0.770234
ILS,"December 31, 2005",0.826569
ILS,"December 31, 2006",0.881772
ILS,"December 31, 2007",0.935147
ILS,"December 31, 2008",0.944173
ILS,"December 31, 2009",0.880059
ILS,"December 31, 2010",0.970701
ILS,"December 31, 2011",1.011464
ILS,"December 31, 2012",1.00023
ILS,"December 31, 2013",0.971164
ILS,"December 31, 2014",0.905912
ILS,"December 31, 2015",0.782992
ILS,"December 31, 2016",0.755107
ILS,"December 31, 2017",0.771282
ILS,"December 31, 2018",0.771588
ILS,"December 31, 2019",0.753598
ILS,"December 31, 2020",0.74652
ILS,"December 31, 2021",0.797833
ILS,"June 6, 2022",0.787812
INR,"December 31, 1990",0.857188
INR,"December 31, 1991",0.872637
INR,"December 31, 1992",0.828136
INR,"December 31, 1993",0.775451
INR,"December 31, 1994",0.732021
INR,"December 31, 1995",0.728802
INR,"December 31, 1996",0.733274
INR,"December 31, 1997",0.722222
INR,"December 31, 1998",0.674779
INR,"December 31, 1999",0.673156
INR,"December 31, 2000",0.673519
INR,"December 31, 2001",0.646223
INR,"December 31, 2002",0.636723
INR,"December 31, 2003",0.718459
INR,"December 31, 2004",0.770234
INR,"December 31, 2005",0.826569
INR,"December 31, 2006",0.881772
INR,"December 31, 2007",0.935147
INR,"December 31, 2008",0.944173
INR,"December 31, 2009",0.880059
INR,"December 31, 2010",0.970701
INR,"December 31, 2011",1.011464
INR,"December 31, 2012",1.00023
INR,"December 31, 2013",0.971164
INR,"December 31, 2014",0.905912
INR,"December 31, 2015",0.782992
INR,"December 31, 2016",0.755107
INR,"December 31, 2017",0.771282
INR,"December 31, 2018",0.771588
INR,"December 31, 2019",0.753598
INR,"December 31, 2020",0.74652
INR,"December 31, 2021",0.797833
INR,"June 6, 2022",0.787812
JPY,"December 31, 1990",0.857188
JPY,"December 31, 1991",0.872637
JPY,"December 31, 1992",0.828136
JPY,"December 31, 1993",0.775451
JPY,"December 31, 1994",0.732021
JPY,"December 31, 1995",0.728802
JPY,"December 31, 1996",0.733274
JPY,"December 31, 1997",0.722222
JPY,"December 31, 1998",0.674779
JPY,"December 31, 1999",0.673156
JPY,"December 31, 2000",0.673519
JPY,"December 31, 2001",0.646223
JPY,"December 31, 2002",0.636723
JPY,"December 31, 2003",0.718459
JPY,"December 31, 2004",0.770234
JPY,"December 31, 2005",0.826569
JPY,"December 31, 2006",0.881772
JPY,"December 31, 2007",0.935147
JPY,"December 31, 2008",0.944173
JPY,"December 31, 2009",0.880059
JPY,"December 31, 2010",0.970701
JPY,"December 31, 2011",1.011464
JPY,"December 31, 2012",1.00023
JPY,"December 31, 2013",0.971164
JPY,"December 31, 2014",0.905912
JPY,"December 31, 2015",0.782992
JPY,"December 31, 2016",0.755107
JPY,"December 31, 2017",0.771282
JPY,"December 31, 2018",0.771588
JPY,"December 31, 2019",0.753598
JPY,"December 31, 2020",0.74652
JPY,"December 31, 2021",0.797833
JPY,"June 6, 2022",0.787812
KRW,"December 31, 1990",0.857188
KRW,"December 31, 1991",0.872637
KRW,"December 31, 1992",0.828136
KRW,"December 31, 1993",0.775451
KRW,"December 31, 1994",0.732021
KRW,"December 31, 1995",0.728802
KRW,"December 31, 1996",0.733274
KRW,"December 31, 1997",0.722222
KRW,"December 31, 1998",0.674779
KRW,"December 31, 1999",0.673156
KRW,"December 31, 2000",0.673519
KRW,"December 31, 2001",0.646223
KRW,"December 31, 2002",0.636723
KRW,"December 31, 2003",0.718459
KRW,"December 31, 2004",0.770234
KRW,"December 31, 2005",0.826569
KRW,"December 31, 2006",0.881772
KRW,"December 31, 2007",0.935147
KRW,"December 31, 2008",0.944173
KRW,"December 31, 2009",0.880059
KRW,"December 31, 2010",0.970701
KRW,"December 31, 2011",1.011464
KRW,"December 31, 2012",1.00023
KRW,"December 31, 2013",0.971164
KRW,"December 31, 2014",0.905912
KRW,"December 31, 2015",0.782992
KRW,"December 31, 2016",0.755107
KRW,"December 31, 2017",0.771282
KRW,"December 31, 2018",0.771588
KRW,"December 31, 2019",0.753598
KRW,"December 31, 2020",0.74652
KRW,"December 31, 2021",0.797833
KRW,"June 6, 2022",0.787812
KWD,"December 31, 1990",0.857188
KWD,"December 31, 1991",0.872637
KWD,"December 31, 1992",0.828136
KWD,"December 31, 1993",0.775451
KWD,"December 31, 1994",0.732021
KWD,"December 31, 1995",0.728802
KWD,"December 31, 1996",0.733274
KWD,"December 31, 1997",0.722222
KWD,"December 31, 1998",0.674779
KWD,"December 31, 1999",0.673156
KWD,"December 31, 2000",0.673519
KWD,"December 31, 2001",0.646223
KWD,"December 31, 2002",0.636723
KWD,"December 31, 2003",0.718459
KWD,"December 31, 2004",0.770234
KWD,"December 31, 2005",0.826569
KWD,"December 31, 2006",0.881772
KWD,"December 31, 2007",0.935147
KWD,"December 31, 2008",0.944173
KWD,"December 31, 2009",0.880059
KWD,"December 31, 2010",0.970701
KWD,"December 31, 2011",1.011464
KWD,"December 31, 2012",1.00023
KWD,"December 31, 2013",0.971164
KWD,"December 31, 2014",0.905912
KWD,"December 31, 2015",0.782992
KWD,"December 31, 2016",0.755107
KWD,"December 31, 2017",0.771282
KWD,"December 31, 2018",0.771588
KWD,"December 31, 2019",0.753598
KWD,"December 31, 2020",0.74652
KWD,"December 31, 2021",0.797833
KWD,"June 6, 2022",0.787812
LKR,"December 31, 1990",0.857188
LKR,"December 31, 1991",0.872637
LKR,"December 31, 1992",0.828136
LKR,"December 31, 1993",0.775451
LKR,"December 31, 1994",0.732021
LKR,"December 31, 1995",0.728802
LKR,"December 31, 1996",0.733274
LKR,"December 31, 1997",0.722222
LKR,"December 31, 1998",0.674779
LKR,"December 31, 1999",0.673156
LKR,"December 31, 2000",0.673519
LKR,"December 31, 2001",0.646223
LKR,"December 31, 2002",0.636723
LKR,"December 31, 2003",0.718459
LKR,"December 31, 2004",0.770234
LKR,"December 31, 2005",0.826569
LKR,"December 31, 2006",0.881772
LKR,"December 31, 2007",0.935147
LKR,"December 31, 2008",0.944173
LKR,"December 31, 2009",0.880059
LKR,"December 31, 2010",0.970701
LKR,"December 31, 2011",1.011464
LKR,"December 31, 2012",1.00023
LKR,"December 31, 2013",0.971164
LKR,"December 31, 2014",0.905912
LKR,"December 31, 2015",0.782992
LKR,"December 31, 2016",0.755107
LKR,"December 31, 2017",0.771282
LKR,"December 31, 2018",0.771588
LKR,"December 31, 2019",0.753598
LKR,"December 31, 2020",0.74652
LKR,"December 31, 2021",0.797833
LKR,"June 6, 2022",0.787812
MAD,"December 31, 1990",0.857188
MAD,"December 31, 1991",0.872637
MAD,"December 31, 1992",0.828136
MAD,"December 31, 1993",0.775451
MAD,"December 31, 1994",0.732021
MAD,"December 31, 1995",0.728802
MAD,"December 31, 1996",0.733274
MAD,"December 31, 1997",0.722222
MAD,"December 31, 1998",0.674779
MAD,"December 31, 1999",0.673156
MAD,"December 31, 2000",0.673519
MAD,"December 31, 2001",0.646223
MAD,"December 31, 2002",0.636723
MAD,"December 31, 2003",0.718459
MAD,"December 31, 2004",0.770234
MAD,"December 31, 2005",0.826569
MAD,"December 31, 2006",0.881772
MAD,"December 31, 2007",0.935147
MAD,"December 31, 2008",0.944173
MAD,"December 31, 2009",0.880059
MAD,"December 31, 2010",0.970701
MAD,"December 31, 2011",1.011464
MAD,"December 31, 2012",1.00023
MAD,"December 31, 2013",0.971164
MAD,"December 31, 2014",0.905912
MAD,"December 31, 2015",0.782992
MAD,"December 31, 2016",0.755107
MAD,"December 31, 2017",0.771282
MAD,"December 31, 2018",0.771588
MAD,"December 31, 2019",0.753598
MAD,"December 31, 2020",0.74652
MAD,"December 31, 2021",0.797833
MAD,"June 6, 2022",0.787812
MGA,"December 31, 1990",0.857188
MGA,"December 31, 1991",0.872637
MGA,"December 31, 1992",0.828136
MGA,"December 31, 1993",0.775451
MGA,"December 31, 1994",0.732021
MGA,"December 31, 1995",0.728802
MGA,"December 31, 1996",0.733274
MGA,"December 31, 1997",0.722222
MGA,"December 31, 1998",0.674779
MGA,"December 31, 1999",0.673156
MGA,"December 31, 2000",0.673519
MGA,"December 31, 2001",0.646223
MGA,"December 31, 2002",0.636723
MGA,"December 31, 2003",0.718459
MGA,"December 31, 2004",0.770234
MGA,"December 31, 2005",0.826569
MGA,"December 31, 2006",0.881772
MGA,"December 31, 2007",0.935147
MGA,"December 31, 2008",0.944173
MGA,"December 31, 2009",0.880059
MGA,"December 31, 2010",0.970701
MGA,"December 31, 2011",1.011464
MGA,"December 31, 2012",1.00023
MGA,"December 31, 2013",0.971164
MGA,"December 31, 2014",0.905912
MGA,"December 31, 2015",0.782992
MGA,"December 31, 2016",0.755107
MGA,"December 31, 2017",0.771282
MGA,"December 31, 2018",0.771588
MGA,"December 31, 2019",0.753598
MGA,"December 31, 2020",0.74652
MGA,"December 31, 2021",0.797833
MGA,"June 6, 2022",0.787812
MXN,"December 31, 1990",0.857188
MXN,"December 31, 1991",0.872637
MXN,"December 31, 1992",0.828136
MXN,"December 31, 1993",0.775451
MXN,"December 31, 1994",0.732021
MXN,"December 31, 1995",0.728802
MXN,"December 31, 1996",0.733274
MXN,"December 31, 1997",0.722222
MXN,"December 31, 1998",0.674779
MXN,"December 31, 1999",0.673156
MXN,"December 31, 2000",0.673519
MXN,"December 31, 2001",0.646223
MXN,"December 31, 2002",0.636723
MXN,"December 31, 2003",0.718459
MXN,"December 31, 2004",0.770234
MXN,"December 31, 2005",0.826569
MXN,"December 31, 2006",0.881772
MXN,"December 31, 2007",0.935147
MXN,"December 31, 2008",0.944173
MXN,"December 31, 2009",0.880059
MXN,"December 31, 2010",0.970701
MXN,"December 31, 2011",1.011464
MXN,"December 31, 2012",1.00023
MXN,"December 31, 2013",0.971164
MXN,"December 31, 2014",0.905912
MXN,"December 31, 2015",0.782992
MXN,"December 31, 2016",0.755107
MXN,"December 31, 2017",0.771282
MXN,"December 31, 2018",0.771588
MXN,"December 31, 2019",0.753598
MXN,"December 31, 2020",0.74652
MXN,"December 31, 2021",0.797833
MXN,"June 6, 2022",0.787812
MYR,"December 31, 1990",0.857188
MYR,"December 31, 1991",0.872637
MYR,"December 31, 1992",0.828136
MYR,"December 31, 1993",0.775451
MYR,"December 31, 1994",0.732021
MYR,"December 31, 1995",0.728802
MYR,"December 31, 1996",0.733274
MYR,"December 31, 1997",0.722222
MYR,"December 31, 1998",0.674779
MYR,"December 31, 1999",0.673156
MYR,"December 31, 2000",0.673519
MYR,"December 31, 2001",0.646223
MYR,"December 31, 2002",0.636723
MYR,"December 31, 2003",0.718459
MYR,"December 31, 2004",0.770234
MYR,"December 31, 2005",0.826569
MYR,"December 31, 2006",0.881772
MYR,"December 31, 2007",0.935147
MYR,"December 31, 2008",0.944173
MYR,"December 31, 2009",0.880059
MYR,"December 31, 2010",0.970701
MYR,"December 31, 2011",1.011464
MYR,"December 31, 2012",1.00023
MYR,"December 31, 2013",0.971164
MYR,"December 31, 2014",0.905912
MYR,"December 31, 2015",0.782992
MYR,"December 31, 2016",0.755107
MYR,"December 31, 2017",0.771282
MYR,"December 31, 2018",0.771588
MYR,"December 31, 2019",0.753598
MYR,"December 31, 2020",0.74652
MYR,"December 31, 2021",0.797833
MYR,"June 6, 2022",0.787812
NOK,"December 31, 1990",0.857188
NOK,"December 31, 1991",0.872637
NOK,"December 31, 1992",0.828136
NOK,"December 31, 1993",0.775451
NOK,"December 31, 1994",0.732021
NOK,"December 31, 1995",0.728802
NOK,"December 31, 1996",0.733274
NOK,"December 31, 1997",0.722222
NOK,"December 31, 1998",0.674779
NOK,"December 31, 1999",0.673156
NOK,"December 31, 2000",0.673519
NOK,"December 31, 2001",0.646223
NOK,"December 31, 2002",0.636723
NOK,"December 31, 2003",0.718459
NOK,"December 31, 2004",0.770234
NOK,"December 31, 2005",0.826569
NOK,"December 31, 2006",0.881772
NOK,"December 31, 2007",0.935147
NOK,"December 31, 2008",0.944173
NOK,"December 31, 2009",0.880059
NOK,"December 31, 2010",0.970701
NOK,"December 31, 2011",1.011464
NOK,"December 31, 2012",1.00023
NOK,"December 31, 2013",0.971164
NOK,"December 31, 2014",0.905912
NOK,"December 31, 2015",0.782992
NOK,"December 31, 2016",0.755107
NOK,"December 31, 2017",0.771282
NOK,"December 31, 2018",0.771588
NOK,"December 31, 2019",0.753598
NOK,"December 31, 2020",0.74652
NOK,"December 31, 2021",0.797833
NOK,"June 6, 2022",0.787812
NZD,"December 31, 1990",0.857188
NZD,"December 31, 1991",0.872637
NZD,"December 31, 1992",0.828136
NZD,"December 31, 1993",0.775451
NZD,"December 31, 1994",0.732021
NZD,"December 31, 1995",0.728802
NZD,"December 31, 1996",0.733274
NZD,"December 31, 1997",0.722222
NZD,"December 31, 1998",0.674779
NZD,"December 31, 1999",0.673156
NZD,"December 31, 2000",0.673519
NZD,"December 31, 2001",0.646223
NZD,"December 31, 2002",0.636723
NZD,"December 31, 2003",0.718459
NZD,"December 31, 2004",0.770234
NZD,"December 31, 2005",0.826569
NZD,"December 31, 2006",0.881772
NZD,"December 31, 2007",0.935147
NZD,"December 31, 2008",0.944173
NZD,"December 31, 2009",0.880059
NZD,"December 31, 2010",0.970701
NZD,"December 31, 2011",1.011464
NZD,"December 31, 2012",1.00023
NZD,"December 31, 2013",0.971164
NZD,"December 31, 2014",0.905912
NZD,"December 31, 2015",0.782992
NZD,"December 31, 2016",0.755107
NZD,"December 31, 2017",0.771282
NZD,"December 31, 2018",0.771588
NZD,"December 31, 2019",0.753598
NZD,"December 31, 2020",0.74652
NZD,"December 31, 2021",0.797833
NZD,"June 6, 2022",0.787812
OMR,"December 31, 1990",0.857188
OMR,"December 31, 1991",0.872637
OMR,"December 31, 1992",0.828136
OMR,"December 31, 1993",0.775451
OMR,"December 31, 1994",0.732021
OMR,"December 31, 1995",0.728802
OMR,"December 31, 1996",0.733274
OMR,"December 31, 1997",0.722222
OMR,"December 31, 1998",0.674779
OMR,"December 31, 1999",0.673156
OMR,"December 31, 2000",0.673519
OMR,"December 31, 2001",0.646223
OMR,"December 31, 2002",0.636723
OMR,"December 31, 2003",0.718459
OMR,"December 31, 2004",0.770234
OMR,"December 31, 2005",0.826569
OMR,"December 31, 2006",0.881772
OMR,"December 31, 2007",0.935147
OMR,"December 31, 2008",0.944173
OMR,"December 31, 2009",0.880059
OMR,"December 31, 2010",0.970701
OMR,"December 31, 2011",1.011464
OMR,"December 31, 2012",1.00023
OMR,"December 31, 2013",0.971164
OMR,"December 31, 2014",0.905912
OMR,"December 31, 2015",0.782992
OMR,"December 31, 2016",0.755107
OMR,"December 31, 2017",0.771282
OMR,"December 31, 2018",0.771588
OMR,"December 31, 2019",0.753598
OMR,"December 31, 2020",0.74652
OMR,"December 31, 2021",0.797833
OMR,"June 6, 2022",0.787812
PEN,"December 31, 1990",0.857188
PEN,"December 31, 1991",0.872637
PEN,"December 31, 1992",0.828136
PEN,"December 31, 1993",0.775451
PEN,"December 31, 1994",0.732021
PEN,"December 31, 1995",0.728802
PEN,"December 31, 1996",0.733274
PEN,"December 31, 1997",0.722222
PEN,"December 31, 1998",0.674779
PEN,"December 31, 1999",0.673156
PEN,"December 31, 2000",0.673519
PEN,"December 31, 2001",0.646223
PEN,"December 31, 2002",0.636723
PEN,"December 31, 2003",0.718459
PEN,"December 31, 2004",0.770234
PEN,"December 31, 2005",0.826569
PEN,"December 31, 2006",0.881772
PEN,"December 31, 2007",0.935147
PEN,"December 31, 2008",0.944173
PEN,"December 31, 2009",0.880059
PEN,"December 31, 2010",0.970701
PEN,"December 31, 2011",1.011464
PEN,"December 31, 2012",1.00023
PEN,"December 31, 2013",0.971164
PEN,"December 31, 2014",0.905912
PEN,"December 31, 2015",0.782992
PEN,"December 31, 2016",0.755107
PEN,"December 31, 2017",0.771282
PEN,"December 31, 2018",0.771588
PEN,"December 31, 2019",0.753598
PEN,"December 31, 2020",0.74652
PEN,"December 31, 2021",0.797833
PEN,"June 6, 2022",0.787812
PGK,"December 31, 1990",0.857188
PGK,"December 31, 1991",0.872637
PGK,"December 31, 1992",0.828136
PGK,"December 31, 1993",0.775451
PGK,"December 31, 1994",0.732021
PGK,"December 31, 1995",0.728802
PGK,"December 31, 1996",0.733274
PGK,"December 31, 1997",0.722222
PGK,"December 31, 1998",0.674779
PGK,"December 31, 1999",0.673156
PGK,"December 31, 2000",0.673519
PGK,"December 31, 2001",0.646223
PGK,"December 31, 2002",0.636723
PGK,"December 31, 2003",0.718459
PGK,"December 31, 2004",0.770234
PGK,"December 31, 2005",0.826569
PGK,"December 31, 2006",0.881772
PGK,"December 31, 2007",0.935147
PGK,"December 31, 2008",0.944173
PGK,"December 31, 2009",0.880059
PGK,"December 31, 2010",0.970701
PGK,"December 31, 2011",1.011464
PGK,"December 31, 2012",1.00023
PGK,"December 31, 2013",0.971164
PGK,"December 31, 2014",0.905912
PGK,"December 31, 2015",0.782992
PGK,"December 31, 2016",0.755107
PGK,"December 31, 2017",0.771282
PGK,"December 31, 2018",0.771588
PGK,"December 31, 2019",0.753598
PGK,"December 31, 2020",0.74652
PGK,"December 31, 2021",0.797833
PGK,"June 6, 2022",0.787812
PHP,"December 31, 1990",0.857188
PHP,"December 31, 1991",0.872637
PHP,"December 31, 1992",0.828136
PHP,"December 31, 1993",0.775451
PHP,"December 31, 1994",0.732021
PHP,"December 31, 1995",0.728802
PHP,"December 31, 1996",0.733274
PHP,"December 31, 1997",0.722222
PHP,"December 31, 1998",0.674779
PHP,"December 31, 1999",0.673156
PHP,"December 31, 2000",0.673519
PHP,"December 31, 2001",0.646223
PHP,"December 31, 2002",0.636723
PHP,"December 31, 2003",0.718459
PHP,"December 31, 2004",0.770234
PHP,"December 31, 2005",0.826569
PHP,"December 31, 2006",0.881772
PHP,"December 31, 2007",0.935147
PHP,"December 31, 2008",0.944173
PHP,"December 31, 2009",0.880059
PHP,"December 31, 2010",0.970701
PHP,"December 31, 2011",1.011464
PHP,"December 31, 2012",1.00023
PHP,"December 31, 2013",0.971164
PHP,"December 31, 2014",0.905912
PHP,"December 31, 2015",0.782992
PHP,"December 31, 2016",0.755107
PHP,"December 31, 2017",0.771282
PHP,"December 31, 2018",0.771588
PHP,"December 31, 2019",0.753598
PHP,"December 31, 2020",0.74652
PHP,"December 31, 2021",0.797833
PHP,"June 6, 2022",0.787812
PKR,"December 31, 1990",0.857188
PKR,"December 31, 1991",0.872637
PKR,"December 31, 1992",0.828136
PKR,"December 31, 1993",0.775451
PKR,"December 31, 1994",0.732021
PKR,"December 31, 1995",0.728802
PKR,"December 31, 1996",0.733274
PKR,"December 31, 1997",0.722222
PKR,"December 31, 1998",0.674779
PKR,"December 31, 1999",0.673156
PKR,"December 31, 2000",0.673519
PKR,"December 31, 2001",0.646223
PKR,"December 31, 2002",0.636723
PKR,"December 31, 2003",0.718459
PKR,"December 31, 2004",0.770234
PKR,"December 31, 2005",0.826569
PKR,"December 31, 2006",0.881772
PKR,"December 31, 2007",0.935147
PKR,"December 31, 2008",0.944173
PKR,"December 31, 2009",0.880059
PKR,"December 31, 2010",0.970701
PKR,"December 31, 2011",1.011464
PKR,"December 31, 2012",1.00023
PKR,"December 31, 2013",0.971164
PKR,"December 31, 2014",0.905912
PKR,"December 31, 2015",0.782992
PKR,"December 31, 2016",0.755107
PKR,"December 31, 2017",0.771282
PKR,"December 31, 2018",0.771588
PKR,"December 31, 2019",0.753598
PKR,"December 31, 2020",0.74652
PKR,"December 31, 2021",0.797833
PKR,"June 6, 2022",0.787812
PLN,"December 31, 1990",0.857188
PLN,"December 31, 1991",0.872637
PLN,"December 31, 1992",0.828136
PLN,"December 31, 1993",0.775451
PLN,"December 31, 1994",0.732021
PLN,"December 31, 1995",0.728802
PLN,"December 31, 1996",0.733274
PLN,"December 31, 1997",0.722222
PLN,"December 31, 1998",0.674779
PLN,"December 31, 1999",0.673156
PLN,"December 31, 2000",0.673519
PLN,"December 31, 2001",0.646223
PLN,"December 31, 2002",0.636723
PLN,"December 31, 2003",0.718459
PLN,"December 31, 2004",0.770234
PLN,"December 31, 2005",0.826569
PLN,"December 31, 2006",0.881772
PLN,"December 31, 2007",0.935147
PLN,"December 31, 2008",0.944173
PLN,"December 31, 2009",0.880059
PLN,"December 31, 2010",0.970701
PLN,"December 31, 2011",1.011464
PLN,"December 31, 2012",1.00023
PLN,"December 31, 2013",0.971164
PLN,"December 31, 2014",0.905912
PLN,"December 31, 2015",0.782992
PLN,"December 31, 2016",0.755107
PLN,"December 31, 2017",0.771282
PLN,"December 31, 2018",0.771588
PLN,"December 31, 2019",0.753598
PLN,"December 31, 2020",0.74652
PLN,"December 31, 2021",0.797833
PLN,"June 6, 2022",0.787812
SAR,"December 31, 1990",0.857188
SAR,"December 31, 1991",0.872637
SAR,"December 31, 1992",0.828136
SAR,"December 31, 1993",0.775451
SAR,"December 31, 1994",0.732021
SAR,"December 31, 1995",0.728802
SAR,"December 31, 1996",0.733274
SAR,"December 31, 1997",0.722222
SAR,"December 31, 1998",0.674779
SAR,"December 31, 1999",0.673156
SAR,"December 31, 2000",0.673519
SAR,"December 31, 2001",0.646223
SAR,"December 31, 2002",0.636723
SAR,"December 31, 2003",0.718459
SAR,"December 31, 2004",0.770234
SAR,"December 31, 2005",0.826569
SAR,"December 31, 2006",0.881772
SAR,"December 31, 2007",0.935147
SAR,"December 31, 2008",0.944173
SAR,"December 31, 2009",0.880059
SAR,"December 31, 2010",0.970701
SAR,"December 31, 2011",1.011464
SAR,"December 31, 2012",1.00023
SAR,"December 31, 2013",0.971164
SAR,"December 31, 2014",0.905912
SAR,"December 31, 2015",0.782992
SAR,"December 31, 2016",0.755107
SAR,"December 31, 2017",0.771282
SAR,"December 31, 2018",0.771588
SAR,"December 31, 2019",0.753598
SAR,"December 31, 2020",0.74652
SAR,"December 31, 2021",0.797833
SAR,"June 6, 2022",0.787812
SBD,"December 31, 1990",0.857188
SBD,"December 31, 1991",0.872637
SBD,"December 31, 1992",0.828136
SBD,"December 31, 1993",0.775451
SBD,"December 31, 1994",0.732021
SBD,"December 31, 1995",0.728802
SBD,"December 31, 1996",0.733274
SBD,"December 31, 1997",0.722222
SBD,"December 31, 1998",0.674779
SBD,"December 31, 1999",0.673156
SBD,"December 31, 2000",0.673519
SBD,"December 31, 2001",0.646223
SBD,"December 31, 2002",0.636723
SBD,"December 31, 2003",0.718459
SBD,"December 31, 2004",0.770234
SBD,"December 31, 2005",0.826569
SBD,"December 31, 2006",0.881772
SBD,"December 31, 2007",0.935147
SBD,"December 31, 2008",0.944173
SBD,"December 31, 2009",0.880059
SBD,"December 31, 2010",0.970701
SBD,"December 31, 2011",1.011464
SBD,"December 31, 2012",1.00023
SBD,"December 31, 2013",0.971164
SBD,"December 31, 2014",0.905912
SBD,"December 31, 2015",0.782992
SBD,"December 31, 2016",0.755107
SBD,"December 31, 2017",0.771282
SBD,"December 31, 2018",0.771588
SBD,"December 31, 2019",0.753598
SBD,"December 31, 2020",0.74652
SBD,"December 31, 2021",0.797833
SBD,"June 6, 2022",0.787812
SCR,"December 31, 1990",0.857188
SCR,"December 31, 1991",0.872637
SCR,"December 31, 1992",0.828136
SCR,"December 31, 1993",0.775451
SCR,"December 31, 1994",0.732021
SCR,"December 31, 1995",0.728802
SCR,"December 31, 1996",0.733274
SCR,"December 31, 1997",0.722222
SCR,"December 31, 1998",0.674779
SCR,"December 31, 1999",0.673156
SCR,"December 31, 2000",0.673519
SCR,"December 31, 2001",0.646223
SCR,"December 31, 2002",0.636723
SCR,"December 31, 2003",0.718459
SCR,"December 31, 2004",0.770234
SCR,"December 31, 2005",0.826569
SCR,"December 31, 2006",0.881772
SCR,"December 31, 2007",0.935147
SCR,"December 31, 2008",0.944173
SCR,"December 31, 2009",0.880059
SCR,"December 31, 2010",0.970701
SCR,"December 31, 2011",1.011464
SCR,"December 31, 2012",1.00023
SCR,"December 31, 2013",0.971164
SCR,"December 31, 2014",0.905912
SCR,"December 31, 2015",0.782992
SCR,"December 31, 2016",0.755107
SCR,"December 31, 2017",0.771282
SCR,"December 31, 2018",0.771588
SCR,"December 31, 2019",0.753598
SCR,"December 31, 2020",0.74652
SCR,"December 31, 2021",0.797833
SCR,"June 6, 2022",0.787812
SEK,"December 31, 1990",0.857188
SEK,"December 31, 1991",0.872637
SEK,"December 31, 1992",0.828136
SEK,"December 31, 1993",0.775451
SEK,"December 31, 1994",0.732021
SEK,"December 31, 1995",0.728802
SEK,"December 31, 1996",0.733274
SEK,"December 31, 1997",0.722222
SEK,"December 31, 1998",0.674779
SEK,"December 31, 1999",0.673156
SEK,"December 31, 2000",0.673519
SEK,"December 31, 2001",0.646223
SEK,"December 31, 2002",0.636723
SEK,"December 31, 2003",0.718459
SEK,"December 31, 2004",0.770234
SEK,"December 31, 2005",0.826569
SEK,"December 31, 2006",0.881772
SEK,"December 31, 2007",0.935147
SEK,"December 31, 2008",0.944173
SEK,"December 31, 2009",0.880059
SEK,"December 31, 2010",0.970701
SEK,"December 31, 2011",1.011464
SEK,"December 31, 2012",1.00023
SEK,"December 31, 2013",0.971164
SEK,"December 31, 2014",0.905912
SEK,"December 31, 2015",0.782992
SEK,"December 31, 2016",0.755107
SEK,"December 31, 2017",0.771282
SEK,"December 31, 2018",0.771588
SEK,"December 31, 2019",0.753598
SEK,"December 31, 2020",0.74652
SEK,"December 31, 2021",0.797833
SEK,"June 6, 2022",0.787812
SGD,"December 31, 1990",0.857188
SGD,"December 31, 1991",0.872637
SGD,"December 31, 1992",0.828136
SGD,"December 31, 1993",0.775451
SGD,"December 31, 1994",0.732021
SGD,"December 31, 1995",0.728802
SGD,"December 31, 1996",0.733274
SGD,"December 31, 1997",0.722222
SGD,"December 31, 1998",0.674779
SGD,"December 31, 1999",0.673156
SGD,"December 31, 2000",0.673519
SGD,"December 31, 2001",0.646223
SGD,"December 31, 2002",0.636723
SGD,"December 31, 2003",0.718459
SGD,"December 31, 2004",0.770234
SGD,"December 31, 2005",0.826569
SGD,"December 31, 2006",0.881772
SGD,"December 31, 2007",0.935147
SGD,"December 31, 2008",0.944173
SGD,"December 31, 2009",0.880059
SGD,"December 31, 2010",0.970701
SGD,"December 31, 2011",1.011464
SGD,"December 31, 2012",1.00023
SGD,"December 31, 2013",0.971164
SGD,"December 31, 2014",0.905912
SGD,"December 31, 2015",0.782992
SGD,"December 31, 2016",0.755107
SGD,"December 31, 2017",0.771282
SGD,"December 31, 2018",0.771588
SGD,"December 31, 2019",0.753598
SGD,"December 31, 2020",0.74652
SGD,"December 31, 2021",0.797833
SGD,"June 6, 2022",0.787812
THB,"December 31, 1990",0.857188
THB,"December 31, 1991",0.872637
THB,"December 31, 1992",0.828136
THB,"December 31, 1993",0.775451
THB,"December 31, 1994",0.732021
THB,"December 31, 1995",0.728802
THB,"December 31, 1996",0.733274
THB,"December 31, 1997",0.722222
THB,"December 31, 1998",0.674779
THB,"December 31, 1999",0.673156
THB,"December 31, 2000",0.673519
THB,"December 31, 2001",0.646223
THB,"December 31, 2002",0.636723
THB,"December 31, 2003",0.718459
THB,"December 31, 2004",0.770234
THB,"December 31, 2005",0.826569
THB,"December 31, 2006",0.881772
THB,"December 31, 2007",0.935147
THB,"December 31, 2008",0.944173
THB,"December 31, 2009",0.880059
THB,"December 31, 2010",0.970701
THB,"December 31, 2011",1.011464
THB,"December 31, 2012",1.00023
THB,"December 31, 2013",0.971164
THB,"December 31, 2014",0.905912
THB,"December 31, 2015",0.782992
THB,"December 31, 2016",0.755107
THB,"December 31, 2017",0.771282
THB,"December 31, 2018",0.771588
THB,"December 31, 2019",0.753598
THB,"December 31, 2020",0.74652
THB,"December 31, 2021",0.797833
THB,"June 6, 2022",0.787812
TOP,"December 31, 1990",0.857188
TOP,"December 31, 1991",0.872637
TOP,"December 31, 1992",0.828136
TOP,"December 31, 1993",0.775451
TOP,"December 31, 1994",0.732021
TOP,"December 31, 1995",0.728802
TOP,"December 31, 1996",0.733274
TOP,"December 31, 1997",0.722222
TOP,"December 31, 1998",0.674779
TOP,"December 31, 1999",0.673156
TOP,"December 31, 2000",0.673519
TOP,"December 31, 2001",0.646223
TOP,"December 31, 2002",0.636723
TOP,"December 31, 2003",0.718459
TOP,"December 31, 2004",0.770234
TOP,"December 31, 2005",0.826569
TOP,"December 31, 2006",0.881772
TOP,"December 31, 2007",0.935147
TOP,"December 31, 2008",0.944173
TOP,"December 31, 2009",0.880059
TOP,"December 31, 2010",0.970701
TOP,"December 31, 2011",1.011464
TOP,"December 31, 2012",1.00023
TOP,"December 31, 2013",0.971164
TOP,"December 31, 2014",0.905912
TOP,"December 31, 2015",0.782992
TOP,"December 31, 2016",0.755107
TOP,"December 31, 2017",0.771282
TOP,"December 31, 2018",0.771588
TOP,"December 31, 2019",0.753598
TOP,"December 31, 2020",0.74652
TOP,"December 31, 2021",0.797833
TOP,"June 6, 2022",0.787812
TRY,"December 31, 1990",0.857188
TRY,"December 31, 1991",0.872637
TRY,"December 31, 1992",0.828136
TRY,"December 31, 1993",0.775451
TRY,"December 31, 1994",0.732021
TRY,"December 31, 1995",0.728802
TRY,"December 31, 1996",0.733274
TRY,"December 31, 1997",0.722222
TRY,"December 31, 1998",0.674779
TRY,"December 31, 1999",0.673156
TRY,"December 31, 2000",0.673519
TRY,"December 31, 2001",0.646223
TRY,"December 31, 2002",0.636723
TRY,"December 31, 2003",0.718459
TRY,"December 31, 2004",0.770234
TRY,"December 31, 2005",0.826569
TRY,"December 31, 2006",0.881772
TRY,"December 31, 2007",0.935147
TRY,"December 31, 2008",0.944173
TRY,"December 31, 2009",0.880059
TRY,"December 31, 2010",0.970701
TRY,"December 31, 2011",1.011464
TRY,"December 31, 2012",1.00023
TRY,"December 31, 2013",0.971164
TRY,"December 31, 2014",0.905912
TRY,"December 31, 2015",0.782992
TRY,"December 31, 2016",0.755107
TRY,"December 31, 2017",0.771282
TRY,"December 31, 2018",0.771588
TRY,"December 31, 2019",0.753598
TRY,"December 31, 2020",0.74652
TRY,"December 31, 2021",0.797833
TRY,"June 6, 2022",0.787812
TWD,"December 31, 1990",0.857188
TWD,"December 31, 1991",0.872637
TWD,"December 31, 1992",0.828136
TWD,"December 31, 1993",0.775451
TWD,"December 31, 1994",0.732021
TWD,"December 31, 1995",0.728802
TWD,"December 31, 1996",0.733274
TWD,"December 31, 1997",0.722222
TWD,"December 31, 1998",0.674779
TWD,"December 31, 1999",0.673156
TWD,"December 31, 2000",0.673519
TWD,"December 31, 2001",0.646223
TWD,"December 31, 2002",0.636723
TWD,"December 31, 2003",0.718459
TWD,"December 31, 2004",0.770234
TWD,"December 31, 2005",0.826569
TWD,"December 31, 2006",0.881772
TWD,"December 31, 2007",0.935147
TWD,"December 31, 2008",0.944173
TWD,"December 31, 2009",0.880059
TWD,"December 31, 2010",0.970701
TWD,"December 31, 2011",1.011464
TWD,"December 31, 2012",1.00023
TWD,"December 31, 2013",0.971164
TWD,"December 31, 2014",0.905912
TWD,"December 31, 2015",0.782992
TWD,"December 31, 2016",0.755107
TWD,"December 31, 2017",0.771282
TWD,"December 31, 2018",0.771588
TWD,"December 31, 2019",0.753598
TWD,"December 31, 2020",0.74652
TWD,"December 31, 2021",0.797833
TWD,"June 6, 2022",0.787812
TZS,"December 31, 1990",0.857188
TZS,"December 31, 1991",0.872637
TZS,"December 31, 1992",0.828136
TZS,"December 31, 1993",0.775451
TZS,"December 31, 1994",0.732021
TZS,"December 31, 1995",0.728802
TZS,"December 31, 1996",0.733274
TZS,"December 31, 1997",0.722222
TZS,"December 31, 1998",0.674779
TZS,"December 31, 1999",0.673156
TZS,"December 31, 2000",0.673519
TZS,"December 31, 2001",0.646223
TZS,"December 31, 2002",0.636723
TZS,"December 31, 2003",0.718459
TZS,"December 31, 2004",0.770234
TZS,"December 31, 2005",0.826569
TZS,"December 31, 2006",0.881772
TZS,"December 31, 2007",0.935147
TZS,"December 31, 2008",0.944173
TZS,"December 31, 2009",0.880059
TZS,"December 31, 2010",0.970701
TZS,"December 31, 2011",1.011464
TZS,"December 31, 2012",1.00023
TZS,"December 31, 2013",0.971164
TZS,"December 31, 2014",0.905912
TZS,"December 31, 2015",0.782992
TZS,"December 31, 2016",0.755107
TZS,"December 31, 2017",0.771282
TZS,"December 31, 2018",0.771588
TZS,"December 31, 2019",0.753598
TZS,"December 31, 2020",0.74652
TZS,"December 31, 2021",0.797833
TZS,"June 6, 2022",0.787812
USD,"December 31, 1990",0.857188
USD,"December 31, 1991",0.872637
USD,"December 31, 1992",0.828136
USD,"December 31, 1993",0.775451
USD,"December 31, 1994",0.732021
USD,"December 31, 1995",0.728802
USD,"December 31, 1996",0.733274
USD,"December 31, 1997",0.722222
USD,"December 31, 1998",0.674779
USD,"December 31, 1999",0.673156
USD,"December 31, 2000",0.673519
USD,"December 31, 2001",0.646223
USD,"December 31, 2002",0.636723
USD,"December 31, 2003",0.718459
USD,"December 31, 2004",0.770234
USD,"December 31, 2005",0.826569
USD,"December 31, 2006",0.881772
USD,"December 31, 2007",0.935147
USD,"December 31, 2008",0.944173
USD,"December 31, 2009",0.880059
USD,"December 31, 2010",0.970701
USD,"December 31, 2011",1.011464
USD,"December 31, 2012",1.00023
USD,"December 31, 2013",0.971164
USD,"December 31, 2014",0.905912
USD,"December 31, 2015",0.782992
USD,"December 31, 2016",0.755107
USD,"December 31, 2017",0.771282
USD,"December 31, 2018",0.771588
USD,"December 31, 2019",0.753598
USD,"December 31, 2020",0.74652
USD,"December 31, 2021",0.797833
USD,"June 6, 2022",0.787812
VND,"December 31, 1990",0.857188
VND,"December 31, 1991",0.872637
VND,"December 31, 1992",0.828136
VND,"December 31, 1993",0.775451
VND,"December 31, 1994",0.732021
VND,"December 31, 1995",0.728802
VND,"December 31, 1996",0.733274
VND,"December 31, 1997",0.722222
VND,"December 31, 1998",0.674779
VND,"December 31, 1999",0.673156
VND,"December 31, 2000",0.673519
VND,"December 31, 2001",0.646223
VND,"December 31, 2002",0.636723
VND,"December 31, 2003",0.718459
VND,"December 31, 2004",0.770234
VND,"December 31, 2005",0.826569
VND,"December 31, 2006",0.881772
VND,"December 31, 2007",0.935147
VND,"December 31, 2008",0.944173
VND,"December 31, 2009",0.880059
VND,"December 31, 2010",0.970701
VND,"December 31, 2011",1.011464
VND,"December 31, 2012",1.00023
VND,"December 31, 2013",0.971164
VND,"December 31, 2014",0.905912
VND,"December 31, 2015",0.782992
VND,"December 31, 2016",0.755107
VND,"December 31, 2017",0.771282
VND,"December 31, 2018",0.771588
VND,"December 31, 2019",0.753598
VND,"December 31, 2020",0.74652
VND,"December 31, 2021",0.797833
VND,"June 6, 2022",0.787812
VUV,"December 31, 1990",0.857188
VUV,"December 31, 1991",0.872637
VUV,"December 31, 1992",0.828136
VUV,"December 31, 1993",0.775451
VUV,"December 31, 1994",0.732021
VUV,"December 31, 1995",0.728802
VUV,"December 31, 1996",0.733274
VUV,"December 31, 1997",0.722222
VUV,"December 31, 1998",0.674779
VUV,"December 31, 1999",0.673156
VUV,"December 31, 2000",0.673519
VUV,"December 31, 2001",0.646223
VUV,"December 31, 2002",0.636723
VUV,"December 31, 2003",0.718459
VUV,"December 31, 2004",0.770234
VUV,"December 31, 2005",0.826569
VUV,"December 31, 2006",0.881772
VUV,"December 31, 2007",0.935147
VUV,"December 31, 2008",0.944173
VUV,"December 31, 2009",0.880059
VUV,"December 31, 2010",0.970701
VUV,"December 31, 2011",1.011464
VUV,"December 31, 2012",1.00023
VUV,"December 31, 2013",0.971164
VUV,"December 31, 2014",0.905912
VUV,"December 31, 2015",0.782992
VUV,"December 31, 2016",0.755107
VUV,"December 31, 2017",0.771282
VUV,"December 31, 2018",0.771588
VUV,"December 31, 2019",0.753598
VUV,"December 31, 2020",0.74652
VUV,"December 31, 2021",0.797833
VUV,"June 6, 2022",0.787812
WST,"December 31, 1990",0.857188
WST,"December 31, 1991",0.872637
WST,"December 31, 1992",0.828136
WST,"December 31, 1993",0.775451
WST,"December 31, 1994",0.732021
WST,"December 31, 1995",0.728802
WST,"December 31, 1996",0.733274
WST,"December 31, 1997",0.722222
WST,"December 31, 1998",0.674779
WST,"December 31, 1999",0.673156
WST,"December 31, 2000",0.673519
WST,"December 31, 2001",0.646223
WST,"December 31, 2002",0.636723
WST,"December 31, 2003",0.718459
WST,"December 31, 2004",0.770234
WST,"December 31, 2005",0.826569
WST,"December 31, 2006",0.881772
WST,"December 31, 2007",0.935147
WST,"December 31, 2008",0.944173
WST,"December 31, 2009",0.880059
WST,"December 31, 2010",0.970701
WST,"December 31, 2011",1.011464
WST,"December 31, 2012",1.00023
WST,"December 31, 2013",0.971164
WST,"December 31, 2014",0.905912
WST,"December 31, 2015",0.782992
WST,"December 31, 2016",0.755107
WST,"December 31, 2017",0.771282
WST,"December 31, 2018",0.771588
WST,"December 31, 2019",0.753598
WST,"December 31, 2020",0.74652
WST,"December 31, 2021",0.797833
WST,"June 6, 2022",0.787812
XOF,"December 31, 1990",0.857188
XOF,"December 31, 1991",0.872637
XOF,"December 31, 1992",0.828136
XOF,"December 31, 1993",0.775451
XOF,"December 31, 1994",0.732021
XOF,"December 31, 1995",0.728802
XOF,"December 31, 1996",0.733274
XOF,"December 31, 1997",0.722222
XOF,"December 31, 1998",0.674779
XOF,"December 31, 1999",0.673156
XOF,"December 31, 2000",0.673519
XOF,"December 31, 2001",0.646223
XOF,"December 31, 2002",0.636723
XOF,"December 31, 2003",0.718459
XOF,"December 31, 2004",0.770234
XOF,"December 31, 2005",0.826569
XOF,"December 31, 2006",0.881772
XOF,"December 31, 2007",0.935147
XOF,"December 31, 2008",0.944173
XOF,"December 31, 2009",0.880059
XOF,"December 31, 2010",0.970701
XOF,"December 31, 2011",1.011464
XOF,"December 31, 2012",1.00023
XOF,"December 31, 2013",0.971164
XOF,"December 31, 2014",0.905912
XOF,"December 31, 2015",0.782992
XOF,"December 31, 2016",0.755107
XOF,"December 31, 2017",0.771282
XOF,"December 31, 2018",0.771588
XOF,"December 31, 2019",0.753598
XOF,"December 31, 2020",0.74652
XOF,"December 31, 2021",0.797833
XOF,"June 6, 2022",0.787812
XPF,"December 31, 1990",0.857188
XPF,"December 31, 1991",0.872637
XPF,"December 31, 1992",0.828136
XPF,"December 31, 1993",0.775451
XPF,"December 31, 1994",0.732021
XPF,"December 31, 1995",0.728802
XPF,"December 31, 1996",0.733274
XPF,"December 31, 1997",0.722222
XPF,"December 31, 1998",0.674779
XPF,"December 31, 1999",0.673156
XPF,"December 31, 2000",0.673519
XPF,"December 31, 2001",0.646223
XPF,"December 31, 2002",0.636723
XPF,"December 31, 2003",0.718459
XPF,"December 31, 2004",0.770234
XPF,"December 31, 2005",0.826569
XPF,"December 31, 2006",0.881772
XPF,"December 31, 2007",0.935147
XPF,"December 31, 2008",0.944173
XPF,"December 31, 2009",0.880059
XPF,"December 31, 2010",0.970701
XPF,"December 31, 2011",1.011464
XPF,"December 31, 2012",1.00023
XPF,"December 31, 2013",0.971164
XPF,"December 31, 2014",0.905912
XPF,"December 31, 2015",0.782992
XPF,"December 31, 2016",0.755107
XPF,"December 31, 2017",0.771282
XPF,"December 31, 2018",0.771588
XPF,"December 31, 2019",0.753598
XPF,"December 31, 2020",0.74652
XPF,"December 31, 2021",0.797833
XPF,"June 6, 2022",0.787812
ZAR,"December 31, 1990",0.857188
ZAR,"December 31, 1991",0.872637
ZAR,"December 31, 1992",0.828136
ZAR,"December 31, 1993",0.775451
ZAR,"December 31, 1994",0.732021
ZAR,"December 31, 1995",0.728802
ZAR,"December 31, 1996",0.733274
ZAR,"December 31, 1997",0.722222
ZAR,"December 31, 1998",0.674779
ZAR,"December 31, 1999",0.673156
ZAR,"December 31, 2000",0.673519
ZAR,"December 31, 2001",0.646223
ZAR,"December 31, 2002",0.636723
ZAR,"December 31, 2003",0.718459
ZAR,"December 31, 2004",0.770234
ZAR,"December 31, 2005",0.826569
ZAR,"December 31, 2006",0.881772
ZAR,"December 31, 2007",0.935147
ZAR,"December 31, 2008",0.944173
ZAR,"December 31, 2009",0.880059
ZAR,"December 31, 2010",0.970701
ZAR,"December 31, 2011",1.011464
ZAR,"December 31, 2012",1.00023
ZAR,"December 31, 2013",0.971164
ZAR,"December 31, 2014",0.905912
ZAR,"December 31, 2015",0.782992
ZAR,"December 31, 2016",0.755107
ZAR,"December 31, 2017",0.771282
ZAR,"December 31, 2018",0.771588
ZAR,"December 31, 2019",0.753598
ZAR,"December 31, 2020",0.74652
ZAR,"December 31, 2021",0.797833
ZAR,"June 6, 2022",0.787812
USD,"December 31, 1990",0.857188
USD,"December 31, 1991",0.872637
USD,"December 31, 1992",0.828136
USD,"December 31, 1993",0.775451
USD,"December 31, 1994",0.732021
USD,"December 31, 1995",0.728802
USD,"December 31, 1996",0.733274
USD,"December 31, 1997",0.722222
USD,"December 31, 1998",0.674779
USD,"December 31, 1999",0.673156
USD,"December 31, 2000",0.673519
USD,"December 31, 2001",0.646223
USD,"December 31, 2002",0.636723
USD,"December 31, 2003",0.718459
USD,"December 31, 2004",0.770234
USD,"December 31, 2005",0.826569
USD,"December 31, 2006",0.881772
USD,"December 31, 2007",0.935147
USD,"December 31, 2008",0.944173
USD,"December 31, 2009",0.880059
USD,"December 31, 2010",0.970701
USD,"December 31, 2011",1.011464
USD,"December 31, 2012",1.00023
USD,"December 31, 2013",0.971164
USD,"December 31, 2014",0.905912
USD,"December 31, 2015",0.782992
USD,"December 31, 2016",0.755107
USD,"December 31, 2017",0.771282
USD,"December 31, 2018",0.771588
USD,"December 31, 2019",0.753598
USD,"December 31, 2020",0.74652
USD,"December 31, 2021",0.797833
USD,"June 6, 2022",0.787812
